name,district,upazila,address
আহমেদ আলী,ঢাকা,ধানমন্ডি,ধানমন্ডি ঢাকা
ফাতেমা খাতুন,চট্টগ্রাম,,চট্টগ্রাম
মোহাম্মদ রহিম,সিলেট,সিলেট সদর,সিলেট সদর
রাশিদা বেগম,রাজশাহী,,রাজশাহী
করিম উদ্দিন,খুলনা,খুলনা সদর,খুলনা সদর
সালমা খাতুন,ঢাকা,উত্তরা,উত্তরা ঢাকা
রফিক আহমেদ,চট্টগ্রাম,পাহাড়তলী,পাহাড়তলী চট্টগ্রাম
নাসির হোসেন,সিলেট,,সিলেট
শাহিনুর রহমান,রাজশাহী,বোয়ালিয়া,বোয়ালিয়া রাজশাহী
আমিনা খাতুন,বরিশাল,,বরিশাল
জাহিদ হাসান,ঢাকা,মিরপুর,মিরপুর ঢাকা
রুমানা আক্তার,চট্টগ্রাম,হালিশহর,হালিশহর চট্টগ্রাম
মাহবুব আলম,কুমিল্লা,,কুমিল্লা
নার্গিস খাতুন,নারায়ণগঞ্জ,সিদ্ধিরগঞ্জ,সিদ্ধিরগঞ্জ নারায়ণগঞ্জ
আবদুল করিম,গাজীপুর,সাভার,সাভার গাজীপুর
সুমাইয়া আফরিন,ঢাকা,বনানী,বনানী ঢাকা
রাজু আহমেদ,সিলেট,জকিগঞ্জ,জকিগঞ্জ সিলেট
শাহানা পারভীন,খুলনা,দৌলতপুর,দৌলতপুর খুলনা
মনিরুল ইসলাম,রাজশাহী,শাহ মখদুম,শাহ মখদুম রাজশাহী
তানভীর আহমেদ,চট্টগ্রাম,ডবলমুরিং,ডবলমুরিং চট্টগ্রাম
মেহজাবিন আক্তার,ঢাকা,গুলশান,গুলশান ঢাকা
সাইফুল ইসলাম,বরিশাল,বানারীপাড়া,বানারীপাড়া বরিশাল
রেহানা খাতুন,সিলেট,বিয়ানীবাজার,বিয়ানীবাজার সিলেট
আনিসুর রহমান,টাঙ্গাইল,কালিহাতী,কালিহাতী টাঙ্গাইল
ফারিয়া তাসনিম,ঢাকা,ওয়ারী,ওয়ারী ঢাকা
হাসান আলী,কুমিল্লা,দাউদকান্দি,দাউদকান্দি কুমিল্লা
সামিয়া খান,নারায়ণগঞ্জ,রূপগঞ্জ,রূপগঞ্জ নারায়ণগঞ্জ
রিফাত হোসেন,রংপুর,,রংপুর
নাদিয়া আফরোজ,ময়মনসিংহ,ত্রিশাল,ত্রিশাল ময়মনসিংহ
আকতার হোসেন,ব্রাহ্মণবাড়িয়া,,ব্রাহ্মণবাড়িয়া
